cylinders,displacement,horsepower,weight,acceleration,model_year,mpg
4,126.8,113.1,2485.1,13.4,70,35.7
8,326.9,143.0,4196.8,16.5,71,24.0
6,190.4,156.6,3512.8,14.0,75,28.2
6,215.9,85.7,3573.9,16.8,79,35.9
4,117.7,103.6,1721.7,14.1,74,46.6
4,108.0,85.1,2214.1,14.8,81,46.6
4,111.0,94.3,1879.7,13.5,78,46.6
8,344.3,173.6,4205.8,15.0,74,22.5
6,251.3,97.5,2563.1,14.8,71,35.0
6,268.3,126.6,2838.0,14.0,79,39.9
4,151.0,86.7,2553.8,14.9,73,37.1
8,352.7,230.0,4702.1,16.1,78,19.3
8,340.0,199.1,4258.2,15.1,70,13.4
4,147.4,70.5,2405.8,15.1,80,40.9
4,141.2,58.6,1845.0,15.8,70,42.4
4,79.2,81.0,2415.3,14.8,81,46.6
4,150.0,86.1,2688.6,16.9,76,44.2
4,92.4,59.4,2183.3,15.9,80,46.6
4,127.7,84.5,1600.0,13.7,72,46.6
4,118.2,65.4,2400.9,16.2,79,46.6
6,241.0,101.2,2920.1,13.5,71,32.7
4,98.8,84.1,2486.5,13.9,78,41.0
4,100.3,92.6,2040.9,12.9,72,42.3
4,104.1,83.4,1889.4,14.5,71,45.9
4,108.9,67.0,2789.4,18.3,81,46.6
6,231.1,106.0,3174.9,18.3,77,32.1
4,117.8,81.7,2384.3,15.9,79,46.6
4,135.2,77.0,2027.3,15.3,75,45.5
6,221.7,74.0,2569.7,13.5,75,39.1
4,147.3,109.7,2125.3,13.2,79,44.9
6,247.3,126.2,4177.6,15.5,80,31.7
4,142.4,83.1,1913.3,13.6,76,46.6
4,87.9,88.1,1973.1,14.1,76,44.7
8,293.1,150.6,3567.4,14.3,80,31.6
8,417.5,196.4,3996.8,11.7,82,24.4
8,409.2,172.3,3655.5,15.2,75,19.9
4,150.5,93.1,1888.8,12.8,73,41.6
4,116.2,71.9,1785.2,14.8,80,46.1
6,257.8,158.2,2610.5,15.7,78,38.3
4,131.3,75.2,2053.9,13.7,75,45.1
4,108.2,72.0,2214.6,12.1,73,42.1
4,103.4,89.1,2184.9,14.3,81,46.6
4,115.2,71.4,2027.0,16.2,72,43.2
8,380.2,185.0,3609.0,16.2,73,19.3
4,122.0,96.3,1699.2,12.2,72,42.9
6,246.3,106.7,3299.7,16.3,71,33.5
4,104.7,57.9,1711.7,14.3,74,45.4
4,121.0,88.9,1928.7,14.1,71,42.8
4,132.8,60.1,2180.2,18.6,75,45.8
4,95.8,75.2,2214.2,13.3,72,43.7
8,315.6,158.5,4402.5,16.2,75,27.3
6,212.7,136.7,2704.6,14.5,80,36.2
8,371.2,213.2,3011.3,13.4,79,26.5
8,318.1,187.3,3918.8,14.4,78,22.9
6,241.1,107.9,3130.3,15.8,70,29.6
8,343.8,205.0,4101.8,13.5,75,23.6
4,126.8,78.8,2053.7,15.0,78,44.0
4,111.3,90.9,2073.7,14.0,80,46.6
4,125.8,116.1,2461.3,15.0,73,39.6
4,113.5,103.0,2077.6,13.6,80,44.5
4,79.2,69.9,1638.8,14.8,81,46.6
4,113.0,85.3,2702.9,15.5,71,34.9
8,363.1,163.4,4331.8,16.9,82,24.0
4,75.8,88.5,2431.3,14.9,73,41.5
4,90.4,102.2,2301.5,12.3,70,42.8
4,111.7,94.5,2881.2,17.0,72,39.4
4,123.6,88.7,2062.2,13.3,79,44.8
8,316.0,194.9,3657.6,12.9,78,27.6
4,121.4,77.8,2343.7,14.5,79,46.6
8,363.3,201.1,3796.0,15.3,74,26.0
6,221.9,100.4,2944.5,12.8,80,37.9
4,127.5,96.4,1923.4,17.8,75,46.5
4,137.4,105.3,2324.0,15.6,72,42.8
8,425.1,146.8,3502.1,15.1,74,20.6
6,176.6,149.9,3329.0,14.4,80,34.7
6,228.3,125.6,2706.1,14.6,77,41.7
6,303.4,122.6,3138.3,15.7,75,30.8
4,134.5,92.2,2267.2,15.4,73,34.7
4,104.2,92.1,2764.6,16.1,71,37.7
4,146.9,108.9,2046.6,13.9,78,46.6
8,310.4,166.2,4022.3,14.8,82,28.4
6,262.8,86.2,3635.3,16.7,81,36.4
4,116.8,78.6,1896.4,14.3,70,44.3
4,86.9,97.3,2222.0,15.8,70,39.7
4,94.2,65.6,2099.3,15.9,82,46.6
4,153.4,81.1,1749.1,10.7,73,44.3
6,222.6,114.5,2156.1,14.6,76,40.2
6,228.4,115.4,3343.7,15.8,70,29.3
8,424.0,203.8,3892.4,13.7,78,22.6
4,97.9,123.6,2217.8,13.2,73,39.6
4,120.3,84.6,2259.4,16.2,72,42.9
6,225.7,108.5,2908.6,16.2,70,33.2
6,229.0,109.1,2850.5,14.1,79,35.0
6,233.2,114.9,3626.4,16.5,73,28.6
6,150.5,141.8,3536.1,13.9,78,34.5
4,78.5,79.9,2088.6,13.1,82,46.6
4,91.8,73.3,1866.8,13.8,79,46.6
4,155.0,99.0,2581.5,15.9,75,39.9
4,134.4,68.1,2042.6,16.2,75,44.9
4,129.8,66.7,2413.9,16.2,70,38.6
4,115.2,79.4,2413.3,16.1,79,40.8
6,243.3,112.8,3505.8,16.5,71,24.1
4,98.4,94.2,2377.9,14.0,80,46.6
4,113.8,89.9,1824.7,14.6,75,46.1
8,387.0,164.5,3790.9,15.7,71,21.6
4,141.0,74.4,1777.5,15.3,72,44.0
4,88.9,94.1,1815.9,15.3,73,45.2
6,282.6,78.4,3693.8,18.0,80,35.8
4,124.2,83.5,2036.5,15.0,74,44.6
4,128.0,84.4,2531.0,16.5,78,45.7
4,122.3,87.3,2090.9,14.5,81,46.6
4,118.9,89.6,1686.9,12.8,73,44.2
8,296.1,192.3,4068.3,14.1,82,28.0
8,342.6,170.6,4139.0,14.2,80,23.7
6,213.8,104.4,3168.5,14.8,78,35.2
8,310.9,182.2,3319.0,13.3,80,30.8
8,391.2,184.2,4102.4,13.7,79,23.7
4,139.7,110.0,2504.3,14.1,72,38.3
8,276.4,131.6,3750.1,13.4,77,25.7
4,120.5,92.8,1982.3,14.4,81,46.6
8,357.5,147.3,3755.4,15.2,70,23.4
8,293.7,142.3,3459.3,13.9,80,35.1
4,100.5,100.8,1915.2,14.6,78,46.6
4,172.6,92.4,2255.5,15.7,78,43.5
4,102.8,95.5,2027.3,12.2,79,44.9
4,122.4,123.4,2171.2,12.6,71,42.9
8,396.0,148.9,3986.0,14.6,73,21.8
8,420.8,151.2,4725.0,15.4,82,22.7
4,134.2,76.6,2389.7,16.3,77,43.1
4,139.5,94.3,1728.9,13.5,76,45.2
4,105.5,81.3,2177.7,14.5,70,42.4
4,132.4,87.7,1799.4,11.7,74,42.4
4,127.6,94.2,2367.9,15.5,76,46.3
4,141.6,97.5,2337.8,13.1,73,43.5
8,347.2,120.2,4171.8,16.7,70,19.7
4,124.2,89.1,1817.0,14.4,78,45.4
4,98.4,100.8,2188.1,15.9,74,38.4
6,250.4,120.6,3110.4,13.5,80,33.5
4,138.8,77.3,2228.8,11.4,71,42.1
8,331.5,157.0,3876.3,15.3,77,26.4
8,358.9,155.6,4502.3,18.2,80,24.7
4,102.1,82.2,2068.1,16.1,82,45.2
4,148.9,87.9,2509.6,15.4,71,37.5
4,90.3,89.0,2466.9,14.4,72,43.7
4,121.6,101.0,2044.8,15.0,79,46.1
4,148.2,119.5,2091.1,12.4,70,36.1
6,216.6,149.1,3652.9,15.6,80,32.8
4,109.5,78.7,2115.5,15.4,71,40.1
4,93.1,71.2,1898.8,16.0,76,46.6
4,104.6,84.5,2270.3,18.2,79,46.1
8,412.0,140.0,4393.7,16.9,71,18.8
4,115.7,84.3,2402.4,14.5,75,39.8
4,97.5,90.7,2249.9,14.6,72,40.6
4,129.8,89.3,2936.6,13.6,73,40.1
8,324.5,154.1,3750.7,14.2,80,25.7
4,108.9,75.4,2556.7,15.1,82,44.5
6,272.6,108.6,2808.7,14.3,77,36.2
6,244.1,109.0,3321.5,15.9,72,31.0
4,124.1,62.3,2664.3,15.1,79,43.1
6,283.9,107.7,2964.3,16.6,75,32.8
4,125.7,90.0,2397.6,14.9,70,40.0
6,290.3,116.5,2820.6,14.7,76,36.2
6,188.6,105.4,3088.4,15.1,77,34.1
4,155.9,77.2,2267.1,15.3,80,46.5
4,119.7,102.8,2958.1,16.3,77,43.3
8,328.8,155.3,4417.7,14.9,72,19.4
4,133.6,112.7,2375.2,13.4,79,41.4
4,112.8,93.9,2532.6,14.6,70,35.8
4,136.4,92.6,2520.0,13.4,78,42.6
6,265.1,147.6,3327.0,13.6,82,37.3
6,225.0,122.9,3522.3,15.0,75,31.2
4,103.7,90.5,2082.0,15.5,80,46.6
4,120.6,104.2,2257.3,14.6,78,42.2
4,120.9,64.6,2423.9,15.9,76,45.7
6,249.4,163.3,2992.3,14.6,70,26.4
4,124.4,88.7,2673.2,15.2,81,43.4
6,227.1,125.6,3312.8,15.7,81,37.5
4,123.7,78.3,2258.2,14.9,70,35.6
8,392.9,139.2,4053.2,16.2,75,22.9
4,106.0,102.9,1743.0,12.8,74,42.8
4,108.8,90.7,2669.7,12.4,78,43.0
4,118.7,76.7,2764.3,15.7,71,37.3
8,292.1,104.0,4176.0,18.9,77,31.6
8,329.9,139.4,4283.3,17.4,80,25.3
4,124.9,76.5,1815.9,15.6,74,46.6
6,256.2,133.0,3065.3,16.1,71,31.3
8,423.9,137.9,3389.8,15.1,82,28.3
6,209.2,119.1,3185.2,15.4,79,37.0
4,115.2,90.3,1824.5,13.3,80,46.6
4,148.9,83.8,2535.2,14.9,80,44.7
4,126.9,91.9,2370.9,15.5,81,44.5
8,367.9,189.3,4531.7,16.6,75,22.5
8,357.9,191.3,3964.1,14.0,79,26.7
6,273.2,106.5,3730.3,15.9,77,30.8
4,119.2,63.5,2238.4,15.5,73,46.5
4,106.4,97.6,2004.2,14.8,71,42.0
6,216.6,82.2,2941.7,14.2,81,42.4
8,253.0,122.5,4304.2,14.0,80,28.6
8,381.4,182.8,3613.2,13.3,74,24.0
6,228.6,119.9,2694.6,13.0,81,39.5
6,275.1,137.5,3022.7,13.8,71,29.8
4,120.5,88.1,1600.0,13.6,71,44.4
4,115.1,74.8,1899.5,14.1,75,44.1
8,338.8,223.9,4256.3,15.4,80,22.2
6,212.9,131.5,3589.8,15.8,79,33.0
4,138.5,85.9,2005.9,14.8,78,46.5
4,134.0,90.9,2468.6,15.7,82,45.9
6,249.1,141.0,2912.7,12.8,73,34.6
4,146.3,88.0,2822.6,16.8,75,41.2
4,106.2,111.0,2259.4,14.0,76,42.8
4,107.0,77.7,2103.9,15.6,82,46.6
6,242.7,130.5,2899.2,13.1,80,41.3
6,229.3,162.8,3704.6,12.8,75,24.2
4,128.7,85.6,2236.0,15.8,77,46.4
6,248.4,99.5,3009.9,16.0,73,31.5
4,86.6,91.0,2394.2,13.8,81,46.6
4,110.3,108.6,1832.3,12.4,70,44.4
6,186.1,124.5,3466.5,16.8,76,31.2
6,280.5,110.8,3477.5,14.5,72,24.5
8,348.5,164.8,4353.5,17.6,75,23.0
6,249.6,88.5,3616.8,15.7,71,29.0
6,271.4,107.5,3238.5,16.4,78,30.5
4,129.9,88.9,2034.9,14.0,70,46.3
4,106.6,84.6,2551.8,16.0,75,43.3
4,130.9,79.4,2431.5,14.6,75,43.6
4,70.0,102.2,1678.1,13.3,74,46.6
8,335.5,136.4,3482.1,15.2,82,30.5
4,143.2,78.0,2304.0,13.9,74,42.2
8,348.1,184.3,4030.7,15.4,70,16.1
6,191.5,139.9,2927.2,13.6,79,36.0
6,183.3,111.4,3625.3,15.8,81,36.9
4,137.0,79.8,2095.2,13.6,74,39.5
6,220.4,161.5,3233.7,10.9,71,27.6
4,128.6,100.5,2271.6,14.2,76,40.9
4,114.8,82.1,2178.5,17.7,72,42.2
6,228.9,134.6,3118.2,15.6,82,38.8
4,134.7,83.8,2223.6,14.8,73,43.4
4,80.0,98.7,2303.9,14.2,72,43.7
6,259.9,62.1,3830.9,17.9,72,31.9
4,117.2,101.6,1888.0,14.4,73,44.7
8,374.5,138.4,3750.5,14.1,74,28.2
8,426.6,164.3,4087.0,16.5,70,17.7
8,384.8,184.9,4060.2,15.4,73,19.4
4,127.3,121.1,2182.7,14.5,81,46.6
4,124.0,100.8,2531.7,15.3,81,44.4
8,397.5,189.2,3542.8,13.7,80,30.8
4,152.7,67.8,2290.8,16.2,77,46.5
8,319.8,168.1,4131.5,15.9,79,27.2
8,362.9,182.7,4645.5,15.1,76,19.5
8,368.1,162.7,4385.6,15.0,78,21.6
4,143.8,66.6,2379.2,15.7,74,43.4
4,134.0,80.5,2612.7,17.4,82,43.1
8,344.0,173.8,3930.8,13.2,79,29.2
4,120.3,68.6,1768.0,12.8,73,44.7
4,151.9,72.3,1902.6,14.9,77,46.6
6,165.4,107.2,2636.9,14.8,78,38.1
8,415.7,200.3,3724.7,13.8,82,27.8
6,297.6,139.6,2986.3,14.6,76,31.5
6,155.0,165.8,2613.6,12.7,76,38.6
4,87.1,100.3,2931.9,17.2,74,40.8
6,271.5,131.3,3308.2,13.1,73,28.2
8,384.1,192.8,4112.5,13.4,79,20.7
4,122.1,84.1,1973.8,14.3,70,44.8
4,114.4,59.6,2170.5,13.5,79,46.6
8,310.5,136.9,4072.0,15.8,79,27.7
6,271.8,138.4,2550.3,15.7,76,36.6
6,200.3,138.8,2756.1,14.0,70,29.5
6,223.3,131.0,2761.1,14.5,70,33.0
4,122.1,65.0,2019.6,13.6,74,44.7
4,126.4,61.1,2332.1,14.9,82,46.6
8,349.2,186.6,4089.6,14.1,78,21.2
8,404.6,173.8,3828.2,14.1,75,23.6
8,354.9,186.3,4019.5,16.0,72,22.6
8,351.6,148.9,3734.8,15.8,82,29.9
4,91.9,111.2,1826.8,12.1,72,40.2
4,106.1,74.2,2468.5,15.8,76,41.0
6,221.2,145.0,2864.3,14.5,75,33.2
6,238.4,103.3,3850.8,18.0,78,35.2
6,194.4,126.2,3321.8,17.1,75,32.5
6,242.4,116.3,3054.6,13.9,74,31.9
8,351.8,165.6,4385.6,14.6,79,19.8
4,164.2,76.6,1789.1,12.9,76,44.1
4,118.2,123.7,1958.9,12.9,70,37.5
4,152.8,110.2,2033.9,14.3,81,44.4
6,247.1,152.6,2967.3,15.1,76,33.6
4,115.9,76.3,1895.6,14.5,72,42.7
4,107.0,66.6,2210.2,14.9,78,46.6
4,104.6,88.5,1733.2,14.1,75,46.6
4,126.6,97.5,1601.9,12.5,78,46.6
6,241.2,144.6,2676.6,16.2,82,37.3
4,153.5,91.3,1988.5,12.3,74,46.0
4,118.9,93.4,2222.8,14.8,76,46.6
8,371.6,142.4,4067.7,18.3,82,22.6
4,91.7,83.3,1928.8,14.4,73,44.6
4,105.3,103.5,2527.4,14.5,76,41.5
4,132.2,68.6,2105.1,14.7,82,46.6
6,266.4,122.8,3911.8,16.0,70,29.1
4,127.9,87.9,2107.3,16.2,76,43.3
6,234.0,117.0,3347.8,12.9,77,29.0
4,139.1,73.2,1800.6,16.3,74,46.2
4,83.3,92.6,1869.0,12.3,71,46.4
4,76.9,90.8,2947.9,15.4,74,38.9
4,119.9,97.6,2224.5,13.9,75,41.4
6,227.0,138.4,2998.4,15.1,81,36.5
6,238.0,126.4,2866.2,12.6,71,33.7
8,389.7,164.8,3697.7,15.2,75,22.7
4,130.7,71.5,2208.5,17.6,75,44.4
4,119.8,101.3,2342.4,12.8,70,38.9
6,229.2,136.4,3586.6,15.5,70,26.9
4,131.2,85.2,1806.4,13.4,80,46.6
4,98.7,80.4,2017.1,15.1,79,46.6
4,116.3,85.8,2358.9,15.0,72,39.8
4,118.6,92.3,2219.3,13.8,79,46.6
8,271.0,141.8,3942.4,16.2,79,26.6
8,301.6,188.0,4612.3,17.4,81,22.0
6,266.6,115.7,3621.8,15.7,72,25.2
4,123.0,79.9,2016.0,15.5,73,45.2
4,114.0,79.2,2251.1,13.4,71,40.7
4,123.2,85.0,2331.1,13.8,78,41.7
4,143.8,99.2,1754.5,14.2,79,46.6
4,70.0,99.0,1789.9,15.5,81,46.6
6,223.3,96.6,2469.3,15.2,80,39.3
6,246.2,135.2,2898.2,13.9,76,33.9
4,70.0,76.8,2317.5,15.2,76,46.6
8,290.8,175.5,3993.9,13.2,75,23.3
6,247.4,122.4,2759.4,15.2,72,34.2
6,265.9,116.8,3090.4,16.2,75,34.4
6,202.0,111.1,2790.3,14.3,81,41.1
4,116.5,110.7,1788.4,12.8,77,46.6
4,87.7,107.1,2137.2,14.3,77,43.6
4,106.6,100.6,2018.3,13.5,80,45.2
6,284.8,133.6,2929.2,14.3,82,34.9
4,163.1,75.9,2422.6,17.9,78,43.1
4,126.0,104.5,2668.5,14.6,70,34.7
4,120.6,73.7,2338.0,14.9,70,40.2
4,106.4,115.2,2241.0,13.1,72,40.8
8,335.4,175.5,3461.1,14.8,72,26.3
6,200.9,144.0,2870.1,13.8,79,37.9
4,99.1,93.0,2555.7,14.3,77,42.1
4,134.4,99.9,1973.0,15.5,79,46.6
4,91.6,107.5,2103.2,15.6,70,38.4
4,115.0,104.9,2366.9,13.7,82,46.5
4,129.1,117.5,2006.9,11.2,71,41.3
4,138.6,85.9,2280.6,16.1,71,40.2
4,150.6,92.6,2361.5,13.9,72,40.5
6,262.2,112.7,2806.3,15.8,82,37.7
6,198.7,80.7,3819.7,14.9,75,34.3
4,97.9,81.7,2117.0,15.8,70,45.4
4,126.1,97.2,2458.1,13.3,71,35.3
6,212.5,116.7,3198.9,16.2,82,35.4
4,115.0,109.1,2347.3,14.3,82,46.6
8,379.4,189.9,4469.4,13.9,70,15.0
6,235.4,94.1,3239.9,15.5,74,37.1
4,107.0,77.1,2375.9,16.1,82,46.6
4,144.8,85.3,2292.6,15.0,82,46.6
6,281.1,124.8,4010.6,17.0,76,23.2
4,131.3,58.6,2426.0,18.3,77,46.0
6,241.4,145.8,3335.6,12.8,79,32.1
8,344.5,133.3,3916.4,17.8,70,19.9
6,204.5,108.4,3306.0,15.8,76,33.6
4,153.4,90.9,1841.2,13.0,82,45.8
6,243.3,143.9,2886.6,12.4,74,33.9
4,117.3,85.2,1964.5,14.2,79,46.6
4,133.0,83.2,2325.9,16.1,70,39.9
8,314.5,156.9,4289.0,15.6,72,22.6
4,112.5,110.9,2080.1,15.6,76,46.6
8,359.0,198.0,3432.7,11.5,79,26.6
8,279.6,124.2,4505.0,17.0,70,21.2
4,109.0,123.4,2030.7,11.8,76,44.6
4,123.7,108.1,2801.8,15.4,74,39.4
4,161.2,103.1,2507.2,15.7,70,37.7
4,131.9,96.7,2034.6,13.6,70,43.9
4,103.6,84.9,2148.9,11.5,70,39.9
6,216.4,133.9,3434.4,15.4,80,31.5
4,121.8,107.2,1857.5,14.1,78,45.0
4,116.1,74.2,1640.0,14.7,80,46.6
8,346.7,166.3,4605.4,17.4,82,24.3
4,132.6,69.6,2756.2,14.8,72,37.7
8,398.8,187.5,3909.4,15.1,82,23.7
4,100.8,79.4,2526.6,16.8,74,42.2
4,157.7,108.1,2053.3,11.7,80,46.6
6,196.4,122.8,2481.0,14.4,79,41.0
6,239.7,117.0,2936.9,14.3,81,37.7
8,286.2,185.4,3786.9,14.0,78,27.3
6,194.9,62.6,3090.4,17.2,75,36.8
8,420.9,219.8,3817.2,12.5,81,24.7
4,108.0,92.0,1900.5,13.3,78,44.5
4,126.0,96.5,2568.1,15.0,77,42.6
6,227.0,115.9,2792.7,13.4,77,35.8
8,316.9,163.2,4146.9,14.0,70,22.1
8,386.5,145.9,4597.1,17.3,82,24.3
4,114.6,84.7,1975.8,13.0,78,46.6
4,71.5,98.3,2421.1,15.5,75,42.3
6,221.6,121.3,3280.6,15.8,78,34.1
4,88.7,77.1,2438.3,13.3,72,44.6
8,299.8,178.8,3457.4,13.0,81,31.6
8,368.7,168.9,3353.9,15.4,72,22.5
4,143.3,74.0,1956.9,13.5,75,46.6
6,236.0,143.0,2744.5,13.3,78,35.3
6,231.9,128.6,3342.6,15.7,76,33.0
4,123.5,79.5,1951.7,15.5,82,46.6
8,353.4,137.8,2831.5,13.8,72,25.2
4,128.7,98.6,1600.0,12.7,72,43.7
8,309.6,188.6,4823.0,17.3,71,17.0
4,120.4,74.1,2145.1,17.1,78,46.6
8,405.0,150.6,3680.3,16.2,82,25.7
4,110.3,70.7,2236.8,15.3,72,38.7
4,152.5,89.8,2124.3,13.5,80,46.6
8,338.3,123.1,4353.2,15.8,74,20.6
4,118.4,82.3,3157.9,16.9,78,38.6
4,126.0,73.7,2072.1,15.4,77,46.6
8,395.9,173.4,3424.7,15.6,71,22.3
8,386.8,150.0,4749.3,17.4,72,16.7
6,262.4,111.1,3548.4,14.2,71,27.6
6,232.0,137.1,3269.7,16.1,77,30.6
4,103.1,75.3,2509.0,14.3,75,44.0
4,113.3,78.9,1913.5,14.0,75,46.3
4,128.5,115.9,1879.7,13.6,81,46.6
6,230.7,148.2,3072.1,16.6,78,34.4
6,243.6,98.8,3249.9,19.6,77,33.8
6,224.4,139.7,3515.6,15.8,73,31.4
6,307.7,131.6,3214.0,14.7,81,34.2
4,123.9,79.7,2301.5,15.7,73,41.6
4,114.1,87.5,2595.3,16.3,78,44.5
4,99.9,102.1,2595.1,14.4,70,38.4
4,117.6,53.2,2017.7,17.6,82,46.6
4,145.9,84.7,1900.2,14.6,71,38.0
8,329.8,195.2,4218.7,15.1,71,19.3
4,115.2,79.5,2082.5,15.5,82,46.6
4,101.6,109.2,2103.3,14.4,82,46.1
4,144.3,107.8,2499.5,15.5,75,39.4
6,217.1,128.1,3091.5,14.1,73,32.5
6,202.9,126.5,2687.3,13.6,82,41.0
4,143.8,78.0,2260.3,13.7,80,42.7
4,125.7,81.1,2376.0,15.7,79,43.9
6,215.8,137.4,2628.9,14.8,82,41.1
4,122.5,114.1,1899.9,14.0,72,40.2
8,322.9,185.4,4071.8,16.6,72,18.2
6,240.5,129.8,3322.2,15.1,72,24.8
4,142.2,91.1,2127.6,15.3,75,41.6
4,133.5,113.5,2160.2,12.5,77,41.1
8,311.0,203.2,3951.8,13.4,80,24.0
4,76.5,97.7,2039.4,15.0,76,45.1
4,118.2,90.0,2257.1,15.7,73,40.4
8,378.4,156.9,4205.2,15.2,80,22.2
8,339.6,192.2,4246.1,14.5,81,20.2
8,312.6,202.6,3785.6,11.8,73,23.2
6,254.2,127.3,3743.4,15.4,80,34.1
4,115.5,79.8,2194.2,16.0,79,45.5
4,113.9,97.0,1715.1,14.4,80,46.6
6,198.4,98.6,3432.6,16.8,80,36.5
6,281.3,117.9,3040.9,15.1,80,39.4
4,121.4,102.4,1921.8,13.8,71,38.3
8,359.5,199.3,4200.4,13.5,70,16.3
4,123.8,100.0,1600.0,14.2,78,44.3
4,133.6,75.2,1650.8,14.7,81,46.6
4,130.2,105.6,2158.8,14.7,81,46.3
4,139.1,109.2,2594.5,14.0,71,37.8
4,152.8,96.1,2222.6,11.9,82,46.6
4,88.0,81.3,1947.0,15.8,77,46.6
4,163.4,82.4,2237.0,14.3,78,45.4
6,246.5,120.9,3693.3,14.9,73,30.4
6,211.3,123.9,2840.1,15.4,77,34.3
6,190.4,107.8,3087.0,14.9,78,39.6
8,332.8,149.2,3437.5,16.0,79,28.1
4,118.3,62.4,2428.0,16.5,79,44.2
4,121.6,63.1,2107.2,16.1,74,44.7
8,319.9,179.6,4536.2,13.8,82,25.5
4,82.5,86.7,2152.0,16.1,76,42.9
8,376.9,176.4,3699.2,14.6,79,25.8
4,113.6,73.1,2522.8,15.1,73,44.3
8,350.9,227.0,3975.7,13.3,70,14.5
4,105.8,62.3,1659.1,12.5,72,46.6
8,286.6,178.0,4203.5,15.5,74,21.9
4,88.4,98.4,2055.1,12.9,72,37.5
8,355.9,218.4,4358.7,12.4,81,19.9
4,114.6,71.6,1600.0,12.4,82,46.6
6,208.4,115.8,2754.5,16.0,80,38.0
8,344.7,172.3,3910.1,13.9,76,23.8
4,107.0,87.5,2332.6,16.7,81,40.9
6,197.3,148.2,3065.5,13.5,78,35.9
6,230.6,134.2,3181.6,12.7,81,34.2
4,139.1,89.3,2016.3,13.0,75,46.6
6,240.8,97.1,3138.0,17.3,82,37.8
6,229.0,115.8,3055.0,14.9,79,38.6
8,274.7,153.5,4037.1,14.8,70,24.3
4,123.2,69.6,2579.7,16.0,76,44.9
4,102.7,99.5,2328.2,15.1,72,39.5
8,324.2,223.3,3522.5,13.9,74,22.3
8,386.8,200.0,3731.8,15.3,79,24.5
4,147.8,81.2,2286.6,14.6,73,42.5
6,237.8,117.3,3383.8,14.0,79,33.4
4,135.9,58.8,2591.3,15.6,74,40.9
4,86.8,100.5,2538.0,15.1,74,41.9
4,98.2,78.8,1868.3,13.3,75,44.1
4,115.7,80.4,2433.9,14.1,79,42.9
6,269.3,147.9,2903.2,14.3,81,36.2
4,115.8,59.7,1958.2,15.1,79,46.6
8,388.6,218.5,3506.3,12.7,82,28.4
8,326.3,169.2,4112.1,14.2,82,28.9
